{
  "logistic": {
    "params": [
      217780.5061812144,
      0.1130743588227175,
      2006.0534334894842
    ],
    "rss": 3655429682.036826,
    "aic": 652.2445997634862,
    "aicc": 653.0187933118733,
    "bic": 656.9106439479544,
    "n": 35,
    "k": 3
  },
  "gompertz": {
    "params": [
      278276.8114284053,
      2.262076173592593,
      0.054997172510516584
    ],
    "rss": 4512547514.656586,
    "aic": 659.6172870018521,
    "aicc": 660.3914805502392,
    "bic": 664.2833311863203,
    "n": 35,
    "k": 3
  },
  "richards": {
    "params": [
      183617.68416863715,
      0.4214641788690336,
      2010.1849270449782,
      6.424101027363565
    ],
    "rss": 2444528052.2060475,
    "aic": 640.1619448924282,
    "aicc": 641.4952782257616,
    "bic": 646.3833371383859,
    "n": 35,
    "k": 4
  },
  "best_by_aicc": "richards",
  "delta_aicc": {
    "logistic": 11.523515086111729,
    "gompertz": 18.8962023244776,
    "richards": 0.0
  },
  "smoke": false
}