{
  "windows": [
    "1995-1999",
    "2000-2004",
    "2005-2009",
    "2010-2014",
    "2015-2019",
    "2020-2024"
  ],
  "jaccard_over_time": [
    0.2903225806451613,
    0.36054421768707484,
    0.3986013986013986,
    0.45985401459854014,
    0.3698630136986301
  ],
  "kendall_tau_over_time": [
    0.6009157980399685,
    0.4474354606698792,
    0.5097301694856576,
    0.5786776772438998,
    0.4613771690430456
  ],
  "half_life_distribution": [
    4,
    1,
    1,
    1,
    1,
    1,
    1,
    1,
    1,
    3,
    1,
    1,
    5,
    1,
    1,
    1,
    6,
    1,
    1,
    4,
    4,
    1,
    1,
    1,
    1,
    1,
    4,
    2,
    2,
    1,
    3,
    1,
    1,
    1,
    2,
    6,
    6,
    1,
    1,
    1,
    3,
    2,
    1,
    2,
    1,
    6,
    2,
    1,
    3,
    5,
    1,
    2,
    3,
    1,
    4,
    4,
    2,
    2,
    4,
    2,
    1,
    6,
    3,
    2,
    1,
    5,
    1,
    1,
    2,
    1,
    1,
    1,
    3,
    3,
    1,
    1,
    2,
    6,
    2,
    3,
    1,
    1,
    4,
    1,
    2,
    3,
    4,
    2,
    1,
    2,
    1,
    1,
    1,
    1,
    1,
    1,
    1,
    1,
    1,
    1
  ],
  "smoke": false
}